{
  "transactions": 1000,
  "availability": 100,
  "elapsed_time": 11.841881173,
  "data_transferred": 0,
  "response_time": .01184188117300000000,
  "transaction_rate": 84.44604243116736770180,
  "throughput": 0,
  "concurrency": 1,
  "successful_transactions": 1000,
  "failed_transactions": 0,
  "longest_transaction": .382750232,
  "shortest_transaction": .003869646
}
